{
  "IsEncrypted": false,
  "Values": {
    "clamavserverfqdn": "aciclamav-2v2vp55gz7bdm.southeastasia.azurecontainer.io",
    "upload_blob_name": "uploadblob",
    "clean_blob_name": "cleanblob",
    "quaratine_blob_name": "quaratineblob",
    "clamavport": 3310,
    "blobmonitorconnstring": "DefaultEndpointsProtocol=https;AccountName=aiplayground5340008891;AccountKey=dbQv5jWmiA9MYf++HPmfo1wHuvi+L+Kks2w9MvaxoUyuZL1Kop21OpgclGSypilFzK6WMQmc3o70+ASt2CWZjw==;EndpointSuffix=core.windows.net",
    "AzureWebJobsStorage": "DefaultEndpointsProtocol=https;AccountName=aiplayground5340008891;AccountKey=dbQv5jWmiA9MYf++HPmfo1wHuvi+L+Kks2w9MvaxoUyuZL1Kop21OpgclGSypilFzK6WMQmc3o70+ASt2CWZjw==;EndpointSuffix=core.windows.net",
    "betablob2v2vp55gz7bdm_STORAGE": "DefaultEndpointsProtocol=https;AccountName=betablob2v2vp55gz7bdm;AccountKey=0wL/DOROZB3yloibw4Fr7ufQ/M45kkvZKLtYrcnQTOaO9GqEYa1VoAI3rPsD/eKY4+c6TpDto1s5+ASti6osYw==;EndpointSuffix=core.windows.net"
  }
}